縣市代碼,縣市名稱,鄉鎮市區代碼,鄉鎮市區名稱,戶數,人口數,男性人口數,女性人口數,資料時間
65000,新北市,65000010,板橋區,198015,555335,273845,281490,100Y12M
65000,新北市,65000020,三重區,142515,390421,194126,196295,100Y12M
65000,新北市,65000030,中和區,157474,414939,204486,210453,100Y12M
65000,新北市,65000040,永和區,89972,232386,111416,120970,100Y12M
65000,新北市,65000050,新莊區,139207,404089,199224,204865,100Y12M
65000,新北市,65000060,新店區,117904,296581,144760,151821,100Y12M
65000,新北市,65000070,樹林區,62139,179788,90415,89373,100Y12M
65000,新北市,65000080,鶯歌區,27986,87683,44242,43441,100Y12M
65000,新北市,65000090,三峽區,36823,105629,53696,51933,100Y12M
65000,新北市,65000100,淡水區,59866,146756,71192,75564,100Y12M
65000,新北市,65000110,汐止區,80361,190679,94436,96243,100Y12M
65000,新北市,65000120,瑞芳區,15930,42031,21399,20632,100Y12M
65000,新北市,65000130,土城區,83316,239156,119365,119791,100Y12M
65000,新北市,65000140,蘆洲區,66457,198373,98077,100296,100Y12M
65000,新北市,65000150,五股區,27777,80518,40739,39779,100Y12M
65000,新北市,65000160,泰山區,26554,77057,38644,38413,100Y12M
65000,新北市,65000170,林口區,32503,86628,42729,43899,100Y12M
65000,新北市,65000180,深坑區,9085,23531,11848,11683,100Y12M
65000,新北市,65000190,石碇區,3340,7887,4386,3501,100Y12M
65000,新北市,65000200,坪林區,2457,6533,3632,2901,100Y12M
65000,新北市,65000210,三芝區,8946,23319,12040,11279,100Y12M
65000,新北市,65000220,石門區,4161,12841,6721,6120,100Y12M
65000,新北市,65000230,八里區,12671,35423,17888,17535,100Y12M
65000,新北市,65000240,平溪區,2392,5197,2900,2297,100Y12M
65000,新北市,65000250,雙溪區,3806,9555,5173,4382,100Y12M
65000,新北市,65000260,貢寮區,4438,13538,6987,6551,100Y12M
65000,新北市,65000270,金山區,6808,22447,11218,11229,100Y12M
65000,新北市,65000280,萬里區,7140,22204,11269,10935,100Y12M
65000,新北市,65000290,烏來區,1748,5927,2991,2936,100Y12M
63000,臺北市,63000010,松山區,78741,209948,99411,110537,100Y12M
63000,臺北市,63000020,信義區,86807,226541,108955,117586,100Y12M
63000,臺北市,63000030,大安區,118069,313846,147546,166300,100Y12M
63000,臺北市,63000040,中山區,93960,224102,105240,118862,100Y12M
63000,臺北市,63000050,中正區,63143,161449,77766,83683,100Y12M
63000,臺北市,63000060,大同區,48508,126640,62284,64356,100Y12M
63000,臺北市,63000070,萬華區,75235,190855,94865,95990,100Y12M
63000,臺北市,63000080,文山區,99098,266442,128894,137548,100Y12M
63000,臺北市,63000090,南港區,42923,116131,57055,59076,100Y12M
63000,臺北市,63000100,內湖區,99593,275652,132686,142966,100Y12M
63000,臺北市,63000110,士林區,102534,287072,139294,147778,100Y12M
63000,臺北市,63000120,北投區,91268,252290,122347,129943,100Y12M
65000,新北市,65000010,板橋區,201973,557440,274286,283154,101Y12M
65000,新北市,65000020,三重區,144286,390090,193586,196504,101Y12M
65000,新北市,65000030,中和區,159724,416499,204605,211894,101Y12M
65000,新北市,65000040,永和區,90478,230768,110388,120380,101Y12M
65000,新北市,65000050,新莊區,142061,407012,200359,206653,101Y12M
65000,新北市,65000060,新店區,119383,297637,144858,152779,101Y12M
65000,新北市,65000070,樹林區,63613,182012,91286,90726,101Y12M
65000,新北市,65000080,鶯歌區,28560,88336,44480,43856,101Y12M
65000,新北市,65000090,三峽區,38502,107794,54662,53132,101Y12M
65000,新北市,65000100,淡水區,62655,150687,72932,77755,101Y12M
65000,新北市,65000110,汐止區,81979,192676,95129,97547,101Y12M
65000,新北市,65000120,瑞芳區,15967,41617,21116,20501,101Y12M
65000,新北市,65000130,土城區,84453,239717,119321,120396,101Y12M
65000,新北市,65000140,蘆洲區,67478,199490,98452,101038,101Y12M
65000,新北市,65000150,五股區,28290,81225,41085,40140,101Y12M
65000,新北市,65000160,泰山區,26968,77617,38784,38833,101Y12M
65000,新北市,65000170,林口區,34026,89886,44244,45642,101Y12M
65000,新北市,65000180,深坑區,9198,23569,11862,11707,101Y12M
65000,新北市,65000190,石碇區,3350,7895,4360,3535,101Y12M
65000,新北市,65000200,坪林區,2476,6483,3610,2873,101Y12M
65000,新北市,65000210,三芝區,9078,23460,12083,11377,101Y12M
65000,新北市,65000220,石門區,4236,12798,6695,6103,101Y12M
65000,新北市,65000230,八里區,12948,35721,17991,17730,101Y12M
65000,新北市,65000240,平溪區,2388,5109,2841,2268,101Y12M
65000,新北市,65000250,雙溪區,3834,9465,5102,4363,101Y12M
65000,新北市,65000260,貢寮區,4461,13412,6904,6508,101Y12M
65000,新北市,65000270,金山區,6910,22486,11203,11283,101Y12M
65000,新北市,65000280,萬里區,7259,22429,11387,11042,101Y12M
65000,新北市,65000290,烏來區,1758,5975,2996,2979,101Y12M
63000,臺北市,63000010,松山區,79619,210905,99878,111027,101Y12M
63000,臺北市,63000020,信義區,88021,227734,109454,118280,101Y12M
63000,臺北市,63000030,大安區,118969,313426,147104,166322,101Y12M
63000,臺北市,63000040,中山區,96025,226659,106173,120486,101Y12M
63000,臺北市,63000050,中正區,63952,162154,77924,84230,101Y12M
63000,臺北市,63000060,大同區,49850,128809,63230,65579,101Y12M
63000,臺北市,63000070,萬華區,76572,192628,95577,97051,101Y12M
63000,臺北市,63000080,文山區,100822,269310,130055,139255,101Y12M
63000,臺北市,63000090,南港區,44251,118490,58025,60465,101Y12M
63000,臺北市,63000100,內湖區,102207,280025,134591,145434,101Y12M
63000,臺北市,63000110,士林區,104022,288894,140090,148804,101Y12M
63000,臺北市,63000120,北投區,92753,254192,123260,130932,101Y12M
65000,新北市,65000010,板橋區,203555,556920,273387,283533,102Y12M
65000,新北市,65000020,三重區,145732,389813,193129,196684,102Y12M
65000,新北市,65000030,中和區,160988,415742,203704,212038,102Y12M
65000,新北市,65000040,永和區,90630,229062,109292,119770,102Y12M
65000,新北市,65000050,新莊區,144609,409760,201476,208284,102Y12M
65000,新北市,65000060,新店區,121059,299017,145092,153925,102Y12M
65000,新北市,65000070,樹林區,64323,183407,91859,91548,102Y12M
65000,新北市,65000080,鶯歌區,28881,88637,44506,44131,102Y12M
65000,新北市,65000090,三峽區,39459,110010,55635,54375,102Y12M
65000,新北市,65000100,淡水區,65495,155241,74943,80298,102Y12M
65000,新北市,65000110,汐止區,83244,194200,95471,98729,102Y12M
65000,新北市,65000120,瑞芳區,16025,41490,21000,20490,102Y12M
65000,新北市,65000130,土城區,85009,239258,118787,120471,102Y12M
65000,新北市,65000140,蘆洲區,68130,199426,98338,101088,102Y12M
65000,新北市,65000150,五股區,28737,81744,41292,40452,102Y12M
65000,新北市,65000160,泰山區,27275,77939,38879,39060,102Y12M
65000,新北市,65000170,林口區,36121,94108,46239,47869,102Y12M
65000,新北市,65000180,深坑區,9265,23622,11865,11757,102Y12M
65000,新北市,65000190,石碇區,3363,7848,4328,3520,102Y12M
65000,新北市,65000200,坪林區,2478,6460,3621,2839,102Y12M
65000,新北市,65000210,三芝區,9197,23464,12093,11371,102Y12M
65000,新北市,65000220,石門區,4264,12794,6658,6136,102Y12M
65000,新北市,65000230,八里區,13289,36201,18218,17983,102Y12M
65000,新北市,65000240,平溪區,2380,5002,2776,2226,102Y12M
65000,新北市,65000250,雙溪區,3860,9412,5065,4347,102Y12M
65000,新北市,65000260,貢寮區,4456,13306,6820,6486,102Y12M
65000,新北市,65000270,金山區,6934,22392,11132,11260,102Y12M
65000,新北市,65000280,萬里區,7317,22618,11456,11162,102Y12M
65000,新北市,65000290,烏來區,1782,6036,2999,3037,102Y12M
63000,臺北市,63000010,松山區,79801,210343,99484,110859,102Y12M
63000,臺北市,63000020,信義區,88412,228496,109662,118834,102Y12M
63000,臺北市,63000030,大安區,119480,313363,146933,166430,102Y12M
63000,臺北市,63000040,中山區,97336,228753,106998,121755,102Y12M
63000,臺北市,63000050,中正區,64589,163140,78206,84934,102Y12M
63000,臺北市,63000060,大同區,50568,129820,63576,66244,102Y12M
63000,臺北市,63000070,萬華區,77218,193480,95823,97657,102Y12M
63000,臺北市,63000080,文山區,101903,271341,130887,140454,102Y12M
63000,臺北市,63000090,南港區,45045,119752,58603,61149,102Y12M
63000,臺北市,63000100,內湖區,103801,282842,135718,147124,102Y12M
63000,臺北市,63000110,士林區,104767,289742,140361,149381,102Y12M
63000,臺北市,63000120,北投區,93818,255444,123694,131750,102Y12M
65000,新北市,65000010,板橋區,204899,555914,272300,283614,103Y12M
65000,新北市,65000020,三重區,147402,389325,192412,196913,103Y12M
65000,新北市,65000030,中和區,162378,415226,202986,212240,103Y12M
65000,新北市,65000040,永和區,90687,227267,108243,119024,103Y12M
65000,新北市,65000050,新莊區,147092,411711,201987,209724,103Y12M
65000,新北市,65000060,新店區,122810,299730,145091,154639,103Y12M
65000,新北市,65000070,樹林區,65057,184167,92148,92019,103Y12M
65000,新北市,65000080,鶯歌區,29201,89075,44603,44472,103Y12M
65000,新北市,65000090,三峽區,40345,111588,56280,55308,103Y12M
65000,新北市,65000100,淡水區,68253,158953,76614,82339,103Y12M
65000,新北市,65000110,汐止區,84229,195140,95721,99419,103Y12M
65000,新北市,65000120,瑞芳區,16088,41315,20859,20456,103Y12M
65000,新北市,65000130,土城區,85549,239270,118591,120679,103Y12M
65000,新北市,65000140,蘆洲區,68922,199750,98311,101439,103Y12M
65000,新北市,65000150,五股區,29305,82255,41533,40722,103Y12M
65000,新北市,65000160,泰山區,27668,78370,39032,39338,103Y12M
65000,新北市,65000170,林口區,37840,97645,47815,49830,103Y12M
65000,新北市,65000180,深坑區,9330,23636,11861,11775,103Y12M
65000,新北市,65000190,石碇區,3368,7864,4329,3535,103Y12M
65000,新北市,65000200,坪林區,2478,6455,3603,2852,103Y12M
65000,新北市,65000210,三芝區,9279,23480,12085,11395,103Y12M
65000,新北市,65000220,石門區,4283,12733,6627,6106,103Y12M
65000,新北市,65000230,八里區,13764,37187,18613,18574,103Y12M
65000,新北市,65000240,平溪區,2351,4954,2726,2228,103Y12M
65000,新北市,65000250,雙溪區,3842,9450,5073,4377,103Y12M
65000,新北市,65000260,貢寮區,4434,13115,6718,6397,103Y12M
65000,新北市,65000270,金山區,7003,22400,11099,11301,103Y12M
65000,新北市,65000280,萬里區,7369,22678,11417,11261,103Y12M
65000,新北市,65000290,烏來區,1792,6165,3062,3103,103Y12M
63000,臺北市,63000010,松山區,80073,210473,99430,111043,103Y12M
63000,臺北市,63000020,信義區,89181,229657,110182,119475,103Y12M
63000,臺北市,63000030,大安區,120178,313693,146903,166790,103Y12M
63000,臺北市,63000040,中山區,98324,230496,107664,122832,103Y12M
63000,臺北市,63000050,中正區,65087,163388,78158,85230,103Y12M
63000,臺北市,63000060,大同區,51164,130973,64003,66970,103Y12M
63000,臺北市,63000070,萬華區,78157,194715,96205,98510,103Y12M
63000,臺北市,63000080,文山區,103299,273921,131932,141989,103Y12M
63000,臺北市,63000090,南港區,45863,121257,59213,62044,103Y12M
63000,臺北市,63000100,內湖區,105416,285767,136922,148845,103Y12M
63000,臺北市,63000110,士林區,105568,290455,140510,149945,103Y12M
63000,臺北市,63000120,北投區,95092,257520,124514,133006,103Y12M
65000,新北市,65000230,八里區,14017,37678,18814,18864,104Y12M
65000,新北市,65000210,三芝區,9371,23487,12098,11389,104Y12M
65000,新北市,65000020,三重區,148489,388447,191757,196690,104Y12M
65000,新北市,65000090,三峽區,41141,112708,56701,56007,104Y12M
65000,新北市,65000130,土城區,85968,238703,118153,120550,104Y12M
65000,新北市,65000030,中和區,163065,414304,202275,212029,104Y12M
65000,新北市,65000150,五股區,29946,82923,41842,41081,104Y12M
65000,新北市,65000240,平溪區,2352,4874,2691,2183,104Y12M
65000,新北市,65000040,永和區,90705,225409,107181,118228,104Y12M
65000,新北市,65000220,石門區,4311,12641,6550,6091,104Y12M
65000,新北市,65000190,石碇區,3372,7855,4336,3519,104Y12M
65000,新北市,65000110,汐止區,85024,196028,95902,100126,104Y12M
65000,新北市,65000200,坪林區,2495,6490,3618,2872,104Y12M
65000,新北市,65000170,林口區,39143,100350,49125,51225,104Y12M
65000,新北市,65000010,板橋區,205731,554236,271178,283058,104Y12M
65000,新北市,65000270,金山區,7024,22260,11024,11236,104Y12M
65000,新北市,65000160,泰山區,27996,78707,39152,39555,104Y12M
65000,新北市,65000290,烏來區,1831,6187,3072,3115,104Y12M
65000,新北市,65000260,貢寮區,4402,12860,6560,6300,104Y12M
65000,新北市,65000100,淡水區,70294,162221,78033,84188,104Y12M
65000,新北市,65000180,深坑區,9458,23594,11811,11783,104Y12M
65000,新北市,65000060,新店區,123873,300267,145134,155133,104Y12M
65000,新北市,65000050,新莊區,149116,413243,202452,210791,104Y12M
65000,新北市,65000120,瑞芳區,16142,40976,20708,20268,104Y12M
65000,新北市,65000280,萬里區,7416,22642,11412,11230,104Y12M
65000,新北市,65000070,樹林區,65432,184249,92082,92167,104Y12M
65000,新北市,65000250,雙溪區,3840,9245,4995,4250,104Y12M
65000,新北市,65000140,蘆洲區,69521,200095,98555,101540,104Y12M
65000,新北市,65000080,鶯歌區,29425,87965,44144,43821,104Y12M
63000,臺北市,63000110,士林區,106323,290694,140453,150241,104Y12M
63000,臺北市,63000060,大同區,51516,130929,63996,66933,104Y12M
63000,臺北市,63000030,大安區,120402,313058,146483,166575,104Y12M
63000,臺北市,63000040,中山區,99158,231350,107979,123371,104Y12M
63000,臺北市,63000050,中正區,65296,162475,77598,84877,104Y12M
63000,臺北市,63000100,內湖區,106545,287566,137719,149847,104Y12M
63000,臺北市,63000080,文山區,104415,275367,132457,142910,104Y12M
63000,臺北市,63000120,北投區,95710,257862,124492,133370,104Y12M
63000,臺北市,63000010,松山區,80293,209714,98853,110861,104Y12M
63000,臺北市,63000020,信義區,89546,229211,109806,119405,104Y12M
63000,臺北市,63000090,南港區,46428,122245,59710,62535,104Y12M
63000,臺北市,63000070,萬華區,78316,194339,95916,98423,104Y12M
65000,新北市,65000230,八里區,14309,38167,19014,19153,105Y12M
65000,新北市,65000210,三芝區,9431,23369,11999,11370,105Y12M
65000,新北市,65000020,三重區,150133,388581,191481,197100,105Y12M
65000,新北市,65000090,三峽區,41992,114180,57307,56873,105Y12M
65000,新北市,65000130,土城區,86503,238500,117779,120721,105Y12M
65000,新北市,65000030,中和區,164248,414266,201832,212434,105Y12M
65000,新北市,65000150,五股區,30747,84134,42449,41685,105Y12M
65000,新北市,65000240,平溪區,2328,4778,2638,2140,105Y12M
65000,新北市,65000040,永和區,90779,223999,106465,117534,105Y12M
65000,新北市,65000220,石門區,4305,12496,6469,6027,105Y12M
65000,新北市,65000190,石碇區,3364,7736,4253,3483,105Y12M
65000,新北市,65000110,汐止區,85998,197749,96598,101151,105Y12M
65000,新北市,65000200,坪林區,2520,6538,3633,2905,105Y12M
65000,新北市,65000170,林口區,40537,103219,50335,52884,105Y12M
65000,新北市,65000010,板橋區,206794,552285,269874,282411,105Y12M
65000,新北市,65000270,金山區,7078,22207,10969,11238,105Y12M
65000,新北市,65000160,泰山區,28230,78817,39178,39639,105Y12M
65000,新北市,65000290,烏來區,1857,6212,3070,3142,105Y12M
65000,新北市,65000260,貢寮區,4412,12706,6491,6215,105Y12M
65000,新北市,65000100,淡水區,72432,165765,79687,86078,105Y12M
65000,新北市,65000180,深坑區,9548,23683,11850,11833,105Y12M
65000,新北市,65000060,新店區,125213,301168,145218,155950,105Y12M
65000,新北市,65000050,新莊區,150767,414156,202461,211695,105Y12M
65000,新北市,65000120,瑞芳區,16168,40600,20518,20082,105Y12M
65000,新北市,65000280,萬里區,7465,22490,11309,11181,105Y12M
65000,新北市,65000070,樹林區,66035,184400,92064,92336,105Y12M
65000,新北市,65000250,雙溪區,3819,9074,4901,4173,105Y12M
65000,新北市,65000140,蘆洲區,70235,200702,98768,101934,105Y12M
65000,新北市,65000080,鶯歌區,29565,87231,43731,43500,105Y12M
63000,臺北市,63000110,士林區,106807,289939,140011,149928,105Y12M
63000,臺北市,63000060,大同區,51597,130071,63469,66602,105Y12M
63000,臺北市,63000030,大安區,120518,311506,145617,165889,105Y12M
63000,臺北市,63000040,中山區,99610,231247,107850,123397,105Y12M
63000,臺北市,63000050,中正區,64984,160403,76610,83793,105Y12M
63000,臺北市,63000100,內湖區,107193,287733,137619,150114,105Y12M
63000,臺北市,63000080,文山區,104939,275231,132153,143078,105Y12M
63000,臺北市,63000120,北投區,96419,257370,124186,133184,105Y12M
63000,臺北市,63000010,松山區,80313,208326,97953,110373,105Y12M
63000,臺北市,63000020,信義區,89544,227823,108923,118900,105Y12M
63000,臺北市,63000090,南港區,46809,122516,59907,62609,105Y12M
63000,臺北市,63000070,萬華區,78551,193539,95212,98327,105Y12M
65000,新北市,65000230,八里區,14581,38493,19195,19298,106Y12M
65000,新北市,65000210,三芝區,9483,23200,11946,11254,106Y12M
65000,新北市,65000020,三重區,151065,387484,190698,196786,106Y12M
65000,新北市,65000090,三峽區,42661,114926,57644,57282,106Y12M
65000,新北市,65000130,土城區,86953,238067,117517,120550,106Y12M
65000,新北市,65000030,中和區,165228,413590,201104,212486,106Y12M
65000,新北市,65000150,五股區,31473,84919,42844,42075,106Y12M
65000,新北市,65000240,平溪區,2302,4719,2612,2107,106Y12M
65000,新北市,65000040,永和區,90938,222585,105658,116927,106Y12M
65000,新北市,65000220,石門區,4301,12286,6356,5930,106Y12M
65000,新北市,65000190,石碇區,3379,7683,4223,3460,106Y12M
65000,新北市,65000110,汐止區,86928,199321,97241,102080,106Y12M
65000,新北市,65000200,坪林區,2514,6528,3620,2908,106Y12M
65000,新北市,65000170,林口區,41953,106101,51647,54454,106Y12M
65000,新北市,65000010,板橋區,208464,551480,269259,282221,106Y12M
65000,新北市,65000270,金山區,7105,22015,10853,11162,106Y12M
65000,新北市,65000160,泰山區,28478,78911,39164,39747,106Y12M
65000,新北市,65000290,烏來區,1866,6320,3121,3199,106Y12M
65000,新北市,65000260,貢寮區,4405,12552,6375,6177,106Y12M
65000,新北市,65000100,淡水區,74756,169597,81352,88245,106Y12M
65000,新北市,65000180,深坑區,9605,23660,11837,11823,106Y12M
65000,新北市,65000060,新店區,126696,302089,145273,156816,106Y12M
65000,新北市,65000050,新莊區,153253,416524,203329,213195,106Y12M
65000,新北市,65000120,瑞芳區,16212,40353,20372,19981,106Y12M
65000,新北市,65000280,萬里區,7480,22296,11204,11092,106Y12M
65000,新北市,65000070,樹林區,66454,184149,91845,92304,106Y12M
65000,新北市,65000250,雙溪區,3814,8939,4831,4108,106Y12M
65000,新北市,65000140,蘆洲區,70961,201309,98873,102436,106Y12M
65000,新北市,65000080,鶯歌區,29790,86593,43404,43189,106Y12M
63000,臺北市,63000110,士林區,107035,288295,139077,149218,106Y12M
63000,臺北市,63000060,大同區,51790,129278,63062,66216,106Y12M
63000,臺北市,63000030,大安區,120738,309969,144782,165187,106Y12M
63000,臺北市,63000040,中山區,100226,230710,107262,123448,106Y12M
63000,臺北市,63000050,中正區,65107,159608,76194,83414,106Y12M
63000,臺北市,63000100,內湖區,107916,287771,137530,150241,106Y12M
63000,臺北市,63000080,文山區,105480,274424,131716,142708,106Y12M
63000,臺北市,63000120,北投區,96769,256456,123479,132977,106Y12M
63000,臺北市,63000010,松山區,80552,206988,97096,109892,106Y12M
63000,臺北市,63000020,信義區,89457,225753,107780,117973,106Y12M
63000,臺北市,63000090,南港區,47052,122155,59705,62450,106Y12M
63000,臺北市,63000070,萬華區,78633,191850,94234,97616,106Y12M
65000,新北市,65000230,八里區,14880,38906,19410,19496,107Y12M
65000,新北市,65000210,三芝區,9530,22978,11839,11139,107Y12M
65000,新北市,65000020,三重區,151788,385826,189559,196267,107Y12M
65000,新北市,65000090,三峽區,43228,115820,57947,57873,107Y12M
65000,新北市,65000130,土城區,87234,236901,116707,120194,107Y12M
65000,新北市,65000030,中和區,166066,412486,200054,212432,107Y12M
65000,新北市,65000150,五股區,32551,86329,43507,42822,107Y12M
65000,新北市,65000240,平溪區,2292,4666,2583,2083,107Y12M
65000,新北市,65000040,永和區,91130,221098,104839,116259,107Y12M
65000,新北市,65000220,石門區,4313,12115,6266,5849,107Y12M
65000,新北市,65000190,石碇區,3402,7731,4220,3511,107Y12M
65000,新北市,65000110,汐止區,88004,200535,97696,102839,107Y12M
65000,新北市,65000200,坪林區,2521,6612,3633,2979,107Y12M
65000,新北市,65000170,林口區,44031,110081,53500,56581,107Y12M
65000,新北市,65000010,板橋區,212630,554742,270394,284348,107Y12M
65000,新北市,65000270,金山區,7132,21774,10730,11044,107Y12M
65000,新北市,65000160,泰山區,28641,78708,38925,39783,107Y12M
65000,新北市,65000290,烏來區,1898,6438,3159,3279,107Y12M
65000,新北市,65000260,貢寮區,4368,12301,6263,6038,107Y12M
65000,新北市,65000100,淡水區,77282,173502,83082,90420,107Y12M
65000,新北市,65000180,深坑區,9633,23634,11841,11793,107Y12M
65000,新北市,65000060,新店區,127675,302231,145142,157089,107Y12M
65000,新北市,65000050,新莊區,155540,417754,203713,214041,107Y12M
65000,新北市,65000120,瑞芳區,16160,39982,20168,19814,107Y12M
65000,新北市,65000280,萬里區,7489,22068,11107,10961,107Y12M
65000,新北市,65000070,樹林區,66723,183946,91732,92214,107Y12M
65000,新北市,65000250,雙溪區,3803,8860,4788,4072,107Y12M
65000,新北市,65000140,蘆洲區,71720,201332,98883,102449,107Y12M
65000,新北市,65000080,鶯歌區,30373,86361,43281,43080,107Y12M
63000,臺北市,63000110,士林區,107521,286544,138079,148465,107Y12M
63000,臺北市,63000060,大同區,51781,127625,62148,65477,107Y12M
63000,臺北市,63000030,大安區,121344,308843,144007,164836,107Y12M
63000,臺北市,63000040,中山區,100494,229456,106664,122792,107Y12M
63000,臺北市,63000050,中正區,65474,159000,75898,83102,107Y12M
63000,臺北市,63000100,內湖區,108739,287429,137196,150233,107Y12M
63000,臺北市,63000080,文山區,106640,273762,131145,142617,107Y12M
63000,臺北市,63000120,北投區,97382,255532,122980,132552,107Y12M
63000,臺北市,63000010,松山區,81128,205702,96393,109309,107Y12M
63000,臺北市,63000020,信義區,89574,223406,106457,116949,107Y12M
63000,臺北市,63000090,南港區,47386,121670,59439,62231,107Y12M
63000,臺北市,63000070,萬華區,78770,189603,92969,96634,107Y12M
65000,新北市,65000230,八里區,15265,39531,19728,19803,108Y12M
65000,新北市,65000210,三芝區,9562,22768,11708,11060,108Y12M
65000,新北市,65000020,三重區,153267,386336,189595,196741,108Y12M
65000,新北市,65000090,三峽區,43961,116478,58199,58279,108Y12M
65000,新北市,65000130,土城區,88244,237696,116900,120796,108Y12M
65000,新北市,65000030,中和區,167668,413069,199887,213182,108Y12M
65000,新北市,65000150,五股區,33610,88000,44297,43703,108Y12M
65000,新北市,65000240,平溪區,2274,4546,2519,2027,108Y12M
65000,新北市,65000040,永和區,91319,220595,104559,116036,108Y12M
65000,新北市,65000220,石門區,4293,11834,6150,5684,108Y12M
65000,新北市,65000190,石碇區,3415,7629,4168,3461,108Y12M
65000,新北市,65000110,汐止區,89668,203429,98995,104434,108Y12M
65000,新北市,65000200,坪林區,2541,6689,3650,3039,108Y12M
65000,新北市,65000170,林口區,46404,115582,56172,59410,108Y12M
65000,新北市,65000010,板橋區,215279,556897,270997,285900,108Y12M
65000,新北市,65000270,金山區,7144,21396,10524,10872,108Y12M
65000,新北市,65000160,泰山區,28813,78751,38874,39877,108Y12M
65000,新北市,65000290,烏來區,1908,6433,3139,3294,108Y12M
65000,新北市,65000260,貢寮區,4360,12033,6151,5882,108Y12M
65000,新北市,65000100,淡水區,80206,178610,85461,93149,108Y12M
65000,新北市,65000180,深坑區,9708,23725,11855,11870,108Y12M
65000,新北市,65000060,新店區,129140,303445,145517,157928,108Y12M
65000,新北市,65000050,新莊區,157838,420473,204865,215608,108Y12M
65000,新北市,65000120,瑞芳區,16146,39536,19949,19587,108Y12M
65000,新北市,65000280,萬里區,7520,21872,10976,10896,108Y12M
65000,新北市,65000070,樹林區,67176,183926,91651,92275,108Y12M
65000,新北市,65000250,雙溪區,3776,8665,4705,3960,108Y12M
65000,新北市,65000140,蘆洲區,72481,201883,98951,102932,108Y12M
65000,新北市,65000080,鶯歌區,31013,86869,43516,43353,108Y12M
63000,臺北市,63000110,士林區,108112,283459,136569,146890,108Y12M
63000,臺北市,63000060,大同區,51924,126043,61173,64870,108Y12M
63000,臺北市,63000030,大安區,121652,307631,143126,164505,108Y12M
63000,臺北市,63000040,中山區,100761,227387,105570,121817,108Y12M
63000,臺北市,63000050,中正區,65827,158014,75229,82785,108Y12M
63000,臺北市,63000100,內湖區,109590,285795,136210,149585,108Y12M
63000,臺北市,63000080,文山區,107354,271806,130042,141764,108Y12M
63000,臺北市,63000120,北投區,97982,253319,121648,131671,108Y12M
63000,臺北市,63000010,松山區,81358,204193,95492,108701,108Y12M
63000,臺北市,63000020,信義區,89419,220021,104608,115413,108Y12M
63000,臺北市,63000090,南港區,47614,120297,58752,61545,108Y12M
63000,臺北市,63000070,萬華區,79287,187076,91630,95446,108Y12M
65000,新北市,65000010,板橋區,217892,557114,270821,286293,109Y12M
65000,新北市,65000020,三重區,154699,385328,188897,196431,109Y12M
65000,新北市,65000030,中和區,168928,411214,198830,212384,109Y12M
65000,新北市,65000040,永和區,91824,219364,103903,115461,109Y12M
65000,新北市,65000050,新莊區,160984,422653,205901,216752,109Y12M
65000,新北市,65000060,新店區,130416,303532,145552,157980,109Y12M
65000,新北市,65000070,樹林區,67580,183470,91392,92078,109Y12M
65000,新北市,65000080,鶯歌區,31860,87674,43910,43764,109Y12M
65000,新北市,65000090,三峽區,44562,116917,58409,58508,109Y12M
65000,新北市,65000100,淡水區,83046,183278,87638,95640,109Y12M
65000,新北市,65000110,汐止區,91207,205847,100104,105743,109Y12M
65000,新北市,65000120,瑞芳區,16177,39077,19730,19347,109Y12M
65000,新北市,65000130,土城區,89502,238277,117117,121160,109Y12M
65000,新北市,65000140,蘆洲區,73445,202456,99113,103343,109Y12M
65000,新北市,65000150,五股區,34644,89470,44983,44487,109Y12M
65000,新北市,65000160,泰山區,29032,78412,38686,39726,109Y12M
65000,新北市,65000170,林口區,48894,121192,58911,62281,109Y12M
65000,新北市,65000180,深坑區,9796,23723,11850,11873,109Y12M
65000,新北市,65000190,石碇區,3402,7565,4130,3435,109Y12M
65000,新北市,65000200,坪林區,2547,6703,3649,3054,109Y12M
65000,新北市,65000210,三芝區,9595,22540,11575,10965,109Y12M
65000,新北市,65000220,石門區,4239,11480,5973,5507,109Y12M
65000,新北市,65000230,八里區,15554,39741,19801,19940,109Y12M
65000,新北市,65000240,平溪區,2252,4424,2473,1951,109Y12M
65000,新北市,65000250,雙溪區,3731,8468,4592,3876,109Y12M
65000,新北市,65000260,貢寮區,4358,11782,6025,5757,109Y12M
65000,新北市,65000270,金山區,7194,21127,10394,10733,109Y12M
65000,新北市,65000280,萬里區,7538,21710,10865,10845,109Y12M
65000,新北市,65000290,烏來區,1916,6416,3131,3285,109Y12M
63000,臺北市,63000010,松山區,80954,200316,93573,106743,109Y12M
63000,臺北市,63000020,信義區,88952,215240,102171,113069,109Y12M
63000,臺北市,63000030,大安區,121152,302644,140899,161745,109Y12M
63000,臺北市,63000040,中山區,100790,223876,103720,120156,109Y12M
63000,臺北市,63000050,中正區,65795,155397,73952,81445,109Y12M
63000,臺北市,63000060,大同區,52132,123849,60026,63823,109Y12M
63000,臺北市,63000070,萬華區,79376,183088,89578,93510,109Y12M
63000,臺北市,63000080,文山區,107669,268130,128096,140034,109Y12M
63000,臺北市,63000090,南港區,48010,118758,57916,60842,109Y12M
63000,臺北市,63000100,內湖區,109891,282525,134624,147901,109Y12M
63000,臺北市,63000110,士林區,108148,278451,134007,144444,109Y12M
63000,臺北市,63000120,北投區,98131,250144,120056,130088,109Y12M
65000,新北市,65000010,板橋區,219404,552713,268673,284040,110Y12M
65000,新北市,65000020,三重區,155647,381731,187265,194466,110Y12M
65000,新北市,65000030,中和區,169811,406140,196306,209834,110Y12M
65000,新北市,65000040,永和區,91421,214967,101849,113118,110Y12M
65000,新北市,65000050,新莊區,162567,421381,205219,216162,110Y12M
65000,新北市,65000060,新店區,130664,299696,143812,155884,110Y12M
65000,新北市,65000070,樹林區,67747,181903,90644,91259,110Y12M
65000,新北市,65000080,鶯歌區,32655,88131,44130,44001,110Y12M
65000,新北市,65000090,三峽區,44826,116019,57964,58055,110Y12M
65000,新北市,65000100,淡水區,85048,185197,88618,96579,110Y12M
65000,新北市,65000110,汐止區,92279,205990,100266,105724,110Y12M
65000,新北市,65000120,瑞芳區,16098,38449,19386,19063,110Y12M
65000,新北市,65000130,土城區,90588,237484,116708,120776,110Y12M
65000,新北市,65000140,蘆洲區,74077,201489,98658,102831,110Y12M
65000,新北市,65000150,五股區,35685,90465,45369,45096,110Y12M
65000,新北市,65000160,泰山區,29010,77451,38208,39243,110Y12M
65000,新北市,65000170,林口區,50711,124628,60583,64045,110Y12M
65000,新北市,65000180,深坑區,9856,23646,11794,11852,110Y12M
65000,新北市,65000190,石碇區,3380,7487,4097,3390,110Y12M
65000,新北市,65000200,坪林區,2566,6619,3592,3027,110Y12M
65000,新北市,65000210,三芝區,9628,22357,11468,10889,110Y12M
65000,新北市,65000220,石門區,4220,11193,5828,5365,110Y12M
65000,新北市,65000230,八里區,16118,40178,20013,20165,110Y12M
65000,新北市,65000240,平溪區,2213,4333,2423,1910,110Y12M
65000,新北市,65000250,雙溪區,3671,8235,4477,3758,110Y12M
65000,新北市,65000260,貢寮區,4318,11534,5891,5643,110Y12M
65000,新北市,65000270,金山區,7236,20844,10247,10597,110Y12M
65000,新北市,65000280,萬里區,7543,21462,10720,10742,110Y12M
65000,新北市,65000290,烏來區,1919,6391,3129,3262,110Y12M
63000,臺北市,63000010,松山區,79979,193388,90448,102940,110Y12M
63000,臺北市,63000020,信義區,87843,207500,98508,108992,110Y12M
63000,臺北市,63000030,大安區,119385,291410,135895,155515,110Y12M
63000,臺北市,63000040,中山區,99528,215567,99911,115656,110Y12M
63000,臺北市,63000050,中正區,65078,150644,71686,78958,110Y12M
63000,臺北市,63000060,大同區,52142,120772,58470,62302,110Y12M
63000,臺北市,63000070,萬華區,78557,176617,86367,90250,110Y12M
63000,臺北市,63000080,文山區,107244,261576,124961,136615,110Y12M
63000,臺北市,63000090,南港區,47800,115780,56400,59380,110Y12M
63000,臺北市,63000100,內湖區,109939,276707,131882,144825,110Y12M
63000,臺北市,63000110,士林區,107169,269682,129968,139714,110Y12M
63000,臺北市,63000120,北投區,97932,244750,117470,127280,110Y12M
65000,新北市,65000010,板橋區,221271,549572,266499,283073,111Y12M
65000,新北市,65000020,三重區,157692,379825,185921,193904,111Y12M
65000,新北市,65000030,中和區,171182,403109,194151,208958,111Y12M
65000,新北市,65000040,永和區,91249,212170,100409,111761,111Y12M
65000,新北市,65000050,新莊區,164488,419966,204102,215864,111Y12M
65000,新北市,65000060,新店區,131824,298594,142879,155715,111Y12M
65000,新北市,65000070,樹林區,67888,180067,89516,90551,111Y12M
65000,新北市,65000080,鶯歌區,33301,88406,44211,44195,111Y12M
65000,新北市,65000090,三峽區,45068,115274,57525,57749,111Y12M
65000,新北市,65000100,淡水區,87308,187823,89612,98211,111Y12M
65000,新北市,65000110,汐止區,93309,206265,100256,106009,111Y12M
65000,新北市,65000120,瑞芳區,16015,37695,18981,18714,111Y12M
65000,新北市,65000130,土城區,92223,237538,116491,121047,111Y12M
65000,新北市,65000140,蘆洲區,74455,199811,97646,102165,111Y12M
65000,新北市,65000150,五股區,36517,91436,45692,45744,111Y12M
65000,新北市,65000160,泰山區,29278,76982,37930,39052,111Y12M
65000,新北市,65000170,林口區,52573,127887,62040,65847,111Y12M
65000,新北市,65000180,深坑區,9889,23528,11730,11798,111Y12M
65000,新北市,65000190,石碇區,3344,7292,3974,3318,111Y12M
65000,新北市,65000200,坪林區,2574,6553,3541,3012,111Y12M
65000,新北市,65000210,三芝區,9688,22228,11427,10801,111Y12M
65000,新北市,65000220,石門區,4225,10961,5713,5248,111Y12M
65000,新北市,65000230,八里區,16779,40902,20335,20567,111Y12M
65000,新北市,65000240,平溪區,2196,4268,2380,1888,111Y12M
65000,新北市,65000250,雙溪區,3615,8102,4419,3683,111Y12M
65000,新北市,65000260,貢寮區,4282,11260,5741,5519,111Y12M
65000,新北市,65000270,金山區,7257,20577,10155,10422,111Y12M
65000,新北市,65000280,萬里區,7517,21101,10508,10593,111Y12M
65000,新北市,65000290,烏來區,1901,6359,3106,3253,111Y12M
63000,臺北市,63000010,松山區,79505,189939,88635,101304,111Y12M
63000,臺北市,63000020,信義區,87993,203780,96550,107230,111Y12M
63000,臺北市,63000030,大安區,118081,284557,132247,152310,111Y12M
63000,臺北市,63000040,中山區,99538,212669,98040,114629,111Y12M
63000,臺北市,63000050,中正區,64831,148103,70200,77903,111Y12M
63000,臺北市,63000060,大同區,52316,118833,57284,61549,111Y12M
63000,臺北市,63000070,萬華區,78523,173040,84254,88786,111Y12M
63000,臺北市,63000080,文山區,107175,257558,122631,134927,111Y12M
63000,臺北市,63000090,南港區,47849,113798,55192,58606,111Y12M
63000,臺北市,63000100,內湖區,110126,272963,129498,143465,111Y12M
63000,臺北市,63000110,士林區,107020,264716,127319,137397,111Y12M
63000,臺北市,63000120,北投區,98024,240725,115172,125553,111Y12M
65000,新北市,65000010,板橋區,225202,554247,268334,285913,112Y12M
65000,新北市,65000020,三重區,160936,383108,187199,195909,112Y12M
65000,新北市,65000030,中和區,173661,407273,195788,211485,112Y12M
65000,新北市,65000040,永和區,92467,214771,101340,113431,112Y12M
65000,新北市,65000050,新莊區,167536,423607,205458,218149,112Y12M
65000,新北市,65000060,新店區,134977,304868,145550,159318,112Y12M
65000,新北市,65000070,樹林區,68663,180658,89715,90943,112Y12M
65000,新北市,65000080,鶯歌區,34058,89080,44549,44531,112Y12M
65000,新北市,65000090,三峽區,45557,115608,57542,58066,112Y12M
65000,新北市,65000100,淡水區,90892,194399,92543,101856,112Y12M
65000,新北市,65000110,汐止區,95134,209481,101629,107852,112Y12M
65000,新北市,65000120,瑞芳區,15984,37197,18742,18455,112Y12M
65000,新北市,65000130,土城區,94393,240828,117811,123017,112Y12M
65000,新北市,65000140,蘆洲區,75247,200022,97686,102336,112Y12M
65000,新北市,65000150,五股區,37487,92754,46261,46493,112Y12M
65000,新北市,65000160,泰山區,29869,77491,38156,39335,112Y12M
65000,新北市,65000170,林口區,54852,132947,64410,68537,112Y12M
65000,新北市,65000180,深坑區,10000,23689,11767,11922,112Y12M
65000,新北市,65000190,石碇區,3333,7166,3911,3255,112Y12M
65000,新北市,65000200,坪林區,2552,6446,3478,2968,112Y12M
65000,新北市,65000210,三芝區,9776,22137,11396,10741,112Y12M
65000,新北市,65000220,石門區,4243,10752,5605,5147,112Y12M
65000,新北市,65000230,八里區,17561,41966,20830,21136,112Y12M
65000,新北市,65000240,平溪區,2144,4134,2321,1813,112Y12M
65000,新北市,65000250,雙溪區,3563,7915,4318,3597,112Y12M
65000,新北市,65000260,貢寮區,4249,10981,5589,5392,112Y12M
65000,新北市,65000270,金山區,7279,20366,10039,10327,112Y12M
65000,新北市,65000280,萬里區,7560,20869,10386,10483,112Y12M
65000,新北市,65000290,烏來區,1895,6360,3092,3268,112Y12M
63000,臺北市,63000010,松山區,80518,193399,89973,103426,112Y12M
63000,臺北市,63000020,信義區,89409,206759,97386,109373,112Y12M
63000,臺北市,63000030,大安區,120022,291732,135119,156613,112Y12M
63000,臺北市,63000040,中山區,101102,216346,99365,116981,112Y12M
63000,臺北市,63000050,中正區,65560,150155,70894,79261,112Y12M
63000,臺北市,63000060,大同區,53148,119930,57515,62415,112Y12M
63000,臺北市,63000070,萬華區,79428,173652,84165,89487,112Y12M
63000,臺北市,63000080,文山區,108673,260313,123610,136703,112Y12M
63000,臺北市,63000090,南港區,48274,113959,55025,58934,112Y12M
63000,臺北市,63000100,內湖區,111466,276180,130635,145545,112Y12M
63000,臺北市,63000110,士林區,108160,266951,127804,139147,112Y12M
63000,臺北市,63000120,北投區,99272,242510,115573,126937,112Y12M
65000,新北市,65000010,板橋區,231201,553538,267488,286050,113Y12M
65000,新北市,65000020,三重區,165752,383355,187023,196332,113Y12M
65000,新北市,65000030,中和區,177153,405956,194887,211069,113Y12M
65000,新北市,65000040,永和區,93645,213742,100719,113023,113Y12M
65000,新北市,65000050,新莊區,171874,423503,205296,218207,113Y12M
65000,新北市,65000060,新店區,138508,306571,146228,160343,113Y12M
65000,新北市,65000070,樹林區,69770,178981,88804,90177,113Y12M
65000,新北市,65000080,鶯歌區,35294,89339,44555,44784,113Y12M
65000,新北市,65000090,三峽區,46754,115335,57359,57976,113Y12M
65000,新北市,65000100,淡水區,96988,200726,95295,105431,113Y12M
65000,新北市,65000110,汐止區,97707,210817,102233,108584,113Y12M
65000,新北市,65000120,瑞芳區,16042,36330,18310,18020,113Y12M
65000,新北市,65000130,土城區,97113,241224,117779,123445,113Y12M
65000,新北市,65000140,蘆洲區,76666,198359,96796,101563,113Y12M
65000,新北市,65000150,五股區,39187,93860,46641,47219,113Y12M
65000,新北市,65000160,泰山區,30839,77667,38166,39501,113Y12M
65000,新北市,65000170,林口區,57446,136075,65856,70219,113Y12M
65000,新北市,65000180,深坑區,10239,23636,11726,11910,113Y12M
65000,新北市,65000190,石碇區,3340,7068,3853,3215,113Y12M
65000,新北市,65000200,坪林區,2560,6324,3401,2923,113Y12M
65000,新北市,65000210,三芝區,10090,22080,11349,10731,113Y12M
65000,新北市,65000220,石門區,4250,10397,5431,4966,113Y12M
65000,新北市,65000230,八里區,18446,42674,21151,21523,113Y12M
65000,新北市,65000240,平溪區,2126,4049,2272,1777,113Y12M
65000,新北市,65000250,雙溪區,3532,7686,4192,3494,113Y12M
65000,新北市,65000260,貢寮區,4240,10719,5449,5270,113Y12M
65000,新北市,65000270,金山區,7414,20059,9909,10150,113Y12M
65000,新北市,65000280,萬里區,7728,20622,10252,10370,113Y12M
65000,新北市,65000290,烏來區,1911,6309,3068,3241,113Y12M
63000,臺北市,63000010,松山區,80793,191826,89199,102627,113Y12M
63000,臺北市,63000020,信義區,89966,205067,96382,108685,113Y12M
63000,臺北市,63000030,大安區,120306,289908,133965,155943,113Y12M
63000,臺北市,63000040,中山區,101946,215245,98555,116690,113Y12M
63000,臺北市,63000050,中正區,65637,148375,69986,78389,113Y12M
63000,臺北市,63000060,大同區,53751,118992,56827,62165,113Y12M
63000,臺北市,63000070,萬華區,80322,171915,82979,88936,113Y12M
63000,臺北市,63000080,文山區,109543,258333,122444,135889,113Y12M
63000,臺北市,63000090,南港區,48459,112643,54237,58406,113Y12M
63000,臺北市,63000100,內湖區,111767,273748,129323,144425,113Y12M
63000,臺北市,63000110,士林區,108840,264194,126255,137939,113Y12M
63000,臺北市,63000120,北投區,100163,240623,114385,126238,113Y12M
